{
    "type": "post",
    "url": "/blog/add",
    "title": "Add Blog.",
    "version": "0.1.0",
    "name": "Addblog",
    "group": "blog",
    "header": {
      "fields": {
        "Header": [
          {
            "group": "Header",
            "type": "String",
            "optional": false,
            "field": "X-Api-Key",
            "description": "<p>Blog unique access-key.</p>"
          }
          ,
          {
            "group": "Header",
            "type": "String",
            "optional": false,
            "field": "X-Token",
            "description": "<p>Blog unique token.</p>"
          }
                  ]
      }
    },
    "permission": [
      {
        "name": "Blog Cant be Accessed permission name : api_blog_add"
      }
    ],
    "parameter": {
      "fields": {
        "Parameter": [
                    {
            "group": "Parameter",
            "type": "String",
            "optional": false,
            "field": "Title",
            "description": "<p>Mandatory title of Blogs Input Title Max Length : 200..</p>"
          },
          {
            "group": "Parameter",
            "type": "String",
            "optional": false,
            "field": "Slug",
            "description": "<p>Mandatory slug of Blogs Input Slug Max Length : 200..</p>"
          },
          {
            "group": "Parameter",
            "type": "String",
            "optional": false,
            "field": "Content",
            "description": "<p>Mandatory content of Blogs .</p>"
          },
          {
            "group": "Parameter",
            "type": "String",
            "optional": false,
            "field": "Image",
            "description": "<p>Mandatory image of Blogs .</p>"
          },
          {
            "group": "Parameter",
            "type": "String",
            "optional": false,
            "field": "Tags",
            "description": "<p>Mandatory tags of Blogs .</p>"
          },
          {
            "group": "Parameter",
            "type": "String",
            "optional": false,
            "field": "Category",
            "description": "<p>Mandatory category of Blogs Input Category Max Length : 200..</p>"
          },
          {
            "group": "Parameter",
            "type": "String",
            "optional": false,
            "field": "Status",
            "description": "<p>Mandatory status of Blogs Input Status Max Length : 10..</p>"
          },
          {
            "group": "Parameter",
            "type": "String",
            "optional": false,
            "field": "Author",
            "description": "<p>Mandatory author of Blogs Input Author Max Length : 100..</p>"
          },
          {
            "group": "Parameter",
            "type": "String",
            "optional": false,
            "field": "Viewers",
            "description": "<p>Mandatory viewers of Blogs Input Viewers Max Length : 11..</p>"
          },
          {
            "group": "Parameter",
            "type": "String",
            "optional": false,
            "field": "Created_at",
            "description": "<p>Mandatory created_at of Blogs .</p>"
          },
          {
            "group": "Parameter",
            "type": "String",
            "optional": false,
            "field": "Updated_at",
            "description": "<p>Mandatory updated_at of Blogs .</p>"
          }
        ]
      }
    },
    "success": {
      "fields": {
        "Success 200": [
          {
            "group": "Success 200",
            "type": "Boolean",
            "optional": false,
            "field": "Status",
            "description": "<p>status response api.</p>"
          },
          {
            "group": "Success 200",
            "type": "String",
            "optional": false,
            "field": "Message",
            "description": "<p>message response api.</p>"
          }
        ]
      },
      "examples": [
        {
          "title": "Success-Response:",
          "content": "HTTP/1.1 200 OK",
          "type": "json"
        }
      ]
    },
    "error": {
      "fields": {
        "Error 4xx": [
          {
            "group": "Error 4xx",
            "optional": false,
            "field": "ValidationError",
            "description": "<p>Error validation.</p>"
          }
        ]
      },
      "examples": [
        {
          "title": "Error-Response:",
          "content": "HTTP/1.1 403 Not Acceptable",
          "type": "json"
        }
      ]
    },
    "filename": "application/controllers/api/Blog.php",
    "groupTitle": "Blog"
  },
  {
    "type": "get",
    "url": "/blog/all",
    "title": "Get all Blogs.",
    "version": "0.1.0",
    "name": "Allblog",
    "group": "blog",
    "header": {
      "fields": {
        "Header": [
          {
            "group": "Header",
            "type": "String",
            "optional": false,
            "field": "X-Api-Key",
            "description": "<p>Blogs unique access-key.</p>"
          },
          {
            "group": "Header",
            "type": "String",
            "optional": false,
            "field": "X-Token",
            "description": "<p>Blogs unique token.</p>"
          }
        ]
      }
    },
    "permission": [
      {
        "name": "{} Cant be Accessed permission name : api_Blog_all"
      }
    ],
    "parameter": {
      "fields": {
        "Parameter": [
         
          {
            "group": "Parameter",
            "type": "String",
            "optional": true,
            "field": "Field",
            "defaultValue": "All Field",
            "description": "<p>Optional field of Blogs.</p>"
          },
          {
            "group": "Parameter",
            "type": "String",
            "optional": true,
            "field": "Start",
            "defaultValue": "0",
            "description": "<p>Optional start index of Blogs.</p>"
          },
          {
            "group": "Parameter",
            "type": "String",
            "optional": true,
            "field": "Limit",
            "defaultValue": "10",
            "description": "<p>Optional limit data of Blogs.</p>"
          }
        ]
      }
    },
    "success": {
      "fields": {
        "Success 200": [
          {
            "group": "Success 200",
            "type": "Boolean",
            "optional": false,
            "field": "Status",
            "description": "<p>status response api.</p>"
          },
          {
            "group": "Success 200",
            "type": "String",
            "optional": false,
            "field": "Message",
            "description": "<p>message response api.</p>"
          },
          {
            "group": "Success 200",
            "type": "Array",
            "optional": false,
            "field": "Data",
            "description": "<p>data of Blog.</p>"
          }
        ]
      },
      "examples": [
        {
          "title": "Success-Response:",
          "content": "HTTP/1.1 200 OK",
          "type": "json"
        }
      ]
    },
    "error": {
      "fields": {
        "Error 4xx": [
          {
            "group": "Error 4xx",
            "optional": false,
            "field": "NoDataBlog",
            "description": "<p>Blog data is nothing.</p>"
          }
        ]
      },
      "examples": [
        {
          "title": "Error-Response:",
          "content": "HTTP/1.1 403 Not Acceptable",
          "type": "json"
        }
      ]
    },
    "filename": "application/controllers/api/Blog.php",
    "groupTitle": "Blog"
  },
  {
    "type": "post",
    "url": "/Blog/delete",
    "title": "Delete Blog.",
    "version": "0.1.0",
    "name": "Deleteblog",
    "group": "blog",
    "header": {
      "fields": {
        "Header": [
          {
            "group": "Header",
            "type": "String",
            "optional": false,
            "field": "X-Api-Key",
            "description": "<p>Blogs unique access-key.</p>"
          },
          {
            "group": "Header",
            "type": "String",
            "optional": false,
            "field": "X-Token",
            "description": "<p>Blogs unique token.</p>"
          }
        ]
      }
    },
    "permission": [
      {
        "name": "Blog Cant be Accessed permission name : api_Blog_delete"
      }
    ],
    "parameter": {
      "fields": {
        "Parameter": [
          {
            "group": "Parameter",
            "type": "Integer",
            "optional": false,
            "field": "Id",
            "description": "<p>Mandatory id of Blogs .</p>"
          }
        ]
      }
    },
    "success": {
      "fields": {
        "Success 200": [
          {
            "group": "Success 200",
            "type": "Boolean",
            "optional": false,
            "field": "Status",
            "description": "<p>status response api.</p>"
          },
          {
            "group": "Success 200",
            "type": "String",
            "optional": false,
            "field": "Message",
            "description": "<p>message response api.</p>"
          }
        ]
      },
      "examples": [
        {
          "title": "Success-Response:",
          "content": "HTTP/1.1 200 OK",
          "type": "json"
        }
      ]
    },
    "error": {
      "fields": {
        "Error 4xx": [
          {
            "group": "Error 4xx",
            "optional": false,
            "field": "ValidationError",
            "description": "<p>Error validation.</p>"
          }
        ]
      },
      "examples": [
        {
          "title": "Error-Response:",
          "content": "HTTP/1.1 403 Not Acceptable",
          "type": "json"
        }
      ]
    },
    "filename": "application/controllers/api/Blog.php",
    "groupTitle": "Blog"
  },
  {
    "type": "get",
    "url": "/Blog/detail",
    "title": "Detail Blog.",
    "version": "0.1.0",
    "name": "Detailblog",
    "group": "blog",
    "header": {
      "fields": {
        "Header": [
          {
            "group": "Header",
            "type": "String",
            "optional": false,
            "field": "X-Api-Key",
            "description": "<p>Blogs unique access-key.</p>"
          },
          {
            "group": "Header",
            "type": "String",
            "optional": false,
            "field": "X-Token",
            "description": "<p>Blogs unique token.</p>"
          }
        ]
      }
    },
    "permission": [
      {
        "name": "Blog Cant be Accessed permission name : api_Blog_detail"
      }
    ],
    "parameter": {
      "fields": {
        "Parameter": [
          {
            "group": "Parameter",
            "type": "Integer",
            "optional": false,
            "field": "Id",
            "description": "<p>Mandatory id of Blogs.</p>"
          }
        ]
      }
    },
    "success": {
      "fields": {
        "Success 200": [
          {
            "group": "Success 200",
            "type": "Boolean",
            "optional": false,
            "field": "Status",
            "description": "<p>status response api.</p>"
          },
          {
            "group": "Success 200",
            "type": "String",
            "optional": false,
            "field": "Message",
            "description": "<p>message response api.</p>"
          },
          {
            "group": "Success 200",
            "type": "Array",
            "optional": false,
            "field": "Data",
            "description": "<p>data of Blog.</p>"
          }
        ]
      },
      "examples": [
        {
          "title": "Success-Response:",
          "content": "HTTP/1.1 200 OK",
          "type": "json"
        }
      ]
    },
    "error": {
      "fields": {
        "Error 4xx": [
          {
            "group": "Error 4xx",
            "optional": false,
            "field": "BlogNotFound",
            "description": "<p>Blog data is not found.</p>"
          }
        ]
      },
      "examples": [
        {
          "title": "Error-Response:",
          "content": "HTTP/1.1 403 Not Acceptable",
          "type": "json"
        }
      ]
    },
    "filename": "application/controllers/api/Blog.php",
    "groupTitle": "Blog"
  },
  {
    "type": "post",
    "url": "/Blog/update",
    "title": "Update Blog.",
    "version": "0.1.0",
    "name": "Updateblog",
    "group": "blog",
    "header": {
      "fields": {
        "Header": [
          {
            "group": "Header",
            "type": "String",
            "optional": false,
            "field": "X-Api-Key",
            "description": "<p>Blogs unique access-key.</p>"
          },
          {
            "group": "Header",
            "type": "String",
            "optional": false,
            "field": "X-Token",
            "description": "<p>Blogs unique token.</p>"
          }
        ]
      }
    },
    "permission": [
      {
        "name": "Blog Cant be Accessed permission name : api_Blog_update"
      }
    ],
    "parameter": {
      "fields": {
        "Parameter": [
                    {
            "group": "Parameter",
            "type": "String",
            "optional": false,
            "field": "Title",
            "description": "<p>Mandatory title of Blogs Input Title Max Length : 200..</p>"
          },
          {
            "group": "Parameter",
            "type": "String",
            "optional": false,
            "field": "Slug",
            "description": "<p>Mandatory slug of Blogs Input Slug Max Length : 200..</p>"
          },
          {
            "group": "Parameter",
            "type": "String",
            "optional": false,
            "field": "Content",
            "description": "<p>Mandatory content of Blogs .</p>"
          },
          {
            "group": "Parameter",
            "type": "String",
            "optional": false,
            "field": "Image",
            "description": "<p>Mandatory image of Blogs .</p>"
          },
          {
            "group": "Parameter",
            "type": "String",
            "optional": false,
            "field": "Tags",
            "description": "<p>Mandatory tags of Blogs .</p>"
          },
          {
            "group": "Parameter",
            "type": "String",
            "optional": false,
            "field": "Category",
            "description": "<p>Mandatory category of Blogs Input Category Max Length : 200..</p>"
          },
          {
            "group": "Parameter",
            "type": "String",
            "optional": false,
            "field": "Status",
            "description": "<p>Mandatory status of Blogs Input Status Max Length : 10..</p>"
          },
          {
            "group": "Parameter",
            "type": "String",
            "optional": false,
            "field": "Author",
            "description": "<p>Mandatory author of Blogs Input Author Max Length : 100..</p>"
          },
          {
            "group": "Parameter",
            "type": "String",
            "optional": false,
            "field": "Viewers",
            "description": "<p>Mandatory viewers of Blogs Input Viewers Max Length : 11..</p>"
          },
          {
            "group": "Parameter",
            "type": "String",
            "optional": false,
            "field": "Created_at",
            "description": "<p>Mandatory created_at of Blogs .</p>"
          },
          {
            "group": "Parameter",
            "type": "String",
            "optional": false,
            "field": "Updated_at",
            "description": "<p>Mandatory updated_at of Blogs .</p>"
          }
        ]
      }
    },
    "success": {
      "fields": {
        "Success 200": [
          {
            "group": "Success 200",
            "type": "Boolean",
            "optional": false,
            "field": "Status",
            "description": "<p>status response api.</p>"
          },
          {
            "group": "Success 200",
            "type": "String",
            "optional": false,
            "field": "Message",
            "description": "<p>message response api.</p>"
          }
        ]
      },
      "examples": [
        {
          "title": "Success-Response:",
          "content": "HTTP/1.1 200 OK",
          "type": "json"
        }
      ]
    },
    "error": {
      "fields": {
        "Error 4xx": [
          {
            "group": "Error 4xx",
            "optional": false,
            "field": "ValidationError",
            "description": "<p>Error validation.</p>"
          }
        ]
      },
      "examples": [
        {
          "title": "Error-Response:",
          "content": "HTTP/1.1 403 Not Acceptable",
          "type": "json"
        }
      ]
    },
    "filename": "application/controllers/api/Blog.php",
    "groupTitle": "Blog"
  }