{
    "type": "post",
    "url": "/blog_category/add",
    "title": "Add Blog category.",
    "version": "0.1.0",
    "name": "Addblog_category",
    "group": "blog_category",
    "header": {
      "fields": {
        "Header": [
          {
            "group": "Header",
            "type": "String",
            "optional": false,
            "field": "X-Api-Key",
            "description": "<p>Blog category unique access-key.</p>"
          }
          ,
          {
            "group": "Header",
            "type": "String",
            "optional": false,
            "field": "X-Token",
            "description": "<p>Blog category unique token.</p>"
          }
                  ]
      }
    },
    "permission": [
      {
        "name": "Blog category Cant be Accessed permission name : api_blog_category_add"
      }
    ],
    "parameter": {
      "fields": {
        "Parameter": [
                    {
            "group": "Parameter",
            "type": "String",
            "optional": false,
            "field": "Category_name",
            "description": "<p>Mandatory category_name of Blog categorys Input Category Name Max Length : 200..</p>"
          },
          {
            "group": "Parameter",
            "type": "String",
            "optional": false,
            "field": "Category_desc",
            "description": "<p>Mandatory category_desc of Blog categorys .</p>"
          }
        ]
      }
    },
    "success": {
      "fields": {
        "Success 200": [
          {
            "group": "Success 200",
            "type": "Boolean",
            "optional": false,
            "field": "Status",
            "description": "<p>status response api.</p>"
          },
          {
            "group": "Success 200",
            "type": "String",
            "optional": false,
            "field": "Message",
            "description": "<p>message response api.</p>"
          }
        ]
      },
      "examples": [
        {
          "title": "Success-Response:",
          "content": "HTTP/1.1 200 OK",
          "type": "json"
        }
      ]
    },
    "error": {
      "fields": {
        "Error 4xx": [
          {
            "group": "Error 4xx",
            "optional": false,
            "field": "ValidationError",
            "description": "<p>Error validation.</p>"
          }
        ]
      },
      "examples": [
        {
          "title": "Error-Response:",
          "content": "HTTP/1.1 403 Not Acceptable",
          "type": "json"
        }
      ]
    },
    "filename": "application/controllers/api/Blog_category.php",
    "groupTitle": "Blog category"
  },
  {
    "type": "get",
    "url": "/blog_category/all",
    "title": "Get all Blog categorys.",
    "version": "0.1.0",
    "name": "Allblog_category",
    "group": "blog_category",
    "header": {
      "fields": {
        "Header": [
          {
            "group": "Header",
            "type": "String",
            "optional": false,
            "field": "X-Api-Key",
            "description": "<p>Blog categorys unique access-key.</p>"
          },
          {
            "group": "Header",
            "type": "String",
            "optional": false,
            "field": "X-Token",
            "description": "<p>Blog categorys unique token.</p>"
          }
        ]
      }
    },
    "permission": [
      {
        "name": "{} Cant be Accessed permission name : api_Blog category_all"
      }
    ],
    "parameter": {
      "fields": {
        "Parameter": [
         
          {
            "group": "Parameter",
            "type": "String",
            "optional": true,
            "field": "Field",
            "defaultValue": "All Field",
            "description": "<p>Optional field of Blog categorys.</p>"
          },
          {
            "group": "Parameter",
            "type": "String",
            "optional": true,
            "field": "Start",
            "defaultValue": "0",
            "description": "<p>Optional start index of Blog categorys.</p>"
          },
          {
            "group": "Parameter",
            "type": "String",
            "optional": true,
            "field": "Limit",
            "defaultValue": "10",
            "description": "<p>Optional limit data of Blog categorys.</p>"
          }
        ]
      }
    },
    "success": {
      "fields": {
        "Success 200": [
          {
            "group": "Success 200",
            "type": "Boolean",
            "optional": false,
            "field": "Status",
            "description": "<p>status response api.</p>"
          },
          {
            "group": "Success 200",
            "type": "String",
            "optional": false,
            "field": "Message",
            "description": "<p>message response api.</p>"
          },
          {
            "group": "Success 200",
            "type": "Array",
            "optional": false,
            "field": "Data",
            "description": "<p>data of Blog category.</p>"
          }
        ]
      },
      "examples": [
        {
          "title": "Success-Response:",
          "content": "HTTP/1.1 200 OK",
          "type": "json"
        }
      ]
    },
    "error": {
      "fields": {
        "Error 4xx": [
          {
            "group": "Error 4xx",
            "optional": false,
            "field": "NoDataBlog category",
            "description": "<p>Blog category data is nothing.</p>"
          }
        ]
      },
      "examples": [
        {
          "title": "Error-Response:",
          "content": "HTTP/1.1 403 Not Acceptable",
          "type": "json"
        }
      ]
    },
    "filename": "application/controllers/api/Blog category.php",
    "groupTitle": "Blog category"
  },
  {
    "type": "post",
    "url": "/Blog category/delete",
    "title": "Delete Blog category.",
    "version": "0.1.0",
    "name": "Deleteblog_category",
    "group": "blog_category",
    "header": {
      "fields": {
        "Header": [
          {
            "group": "Header",
            "type": "String",
            "optional": false,
            "field": "X-Api-Key",
            "description": "<p>Blog categorys unique access-key.</p>"
          },
          {
            "group": "Header",
            "type": "String",
            "optional": false,
            "field": "X-Token",
            "description": "<p>Blog categorys unique token.</p>"
          }
        ]
      }
    },
    "permission": [
      {
        "name": "Blog category Cant be Accessed permission name : api_Blog category_delete"
      }
    ],
    "parameter": {
      "fields": {
        "Parameter": [
          {
            "group": "Parameter",
            "type": "Integer",
            "optional": false,
            "field": "Id",
            "description": "<p>Mandatory id of Blog categorys .</p>"
          }
        ]
      }
    },
    "success": {
      "fields": {
        "Success 200": [
          {
            "group": "Success 200",
            "type": "Boolean",
            "optional": false,
            "field": "Status",
            "description": "<p>status response api.</p>"
          },
          {
            "group": "Success 200",
            "type": "String",
            "optional": false,
            "field": "Message",
            "description": "<p>message response api.</p>"
          }
        ]
      },
      "examples": [
        {
          "title": "Success-Response:",
          "content": "HTTP/1.1 200 OK",
          "type": "json"
        }
      ]
    },
    "error": {
      "fields": {
        "Error 4xx": [
          {
            "group": "Error 4xx",
            "optional": false,
            "field": "ValidationError",
            "description": "<p>Error validation.</p>"
          }
        ]
      },
      "examples": [
        {
          "title": "Error-Response:",
          "content": "HTTP/1.1 403 Not Acceptable",
          "type": "json"
        }
      ]
    },
    "filename": "application/controllers/api/Blog category.php",
    "groupTitle": "Blog category"
  },
  {
    "type": "get",
    "url": "/Blog category/detail",
    "title": "Detail Blog category.",
    "version": "0.1.0",
    "name": "Detailblog_category",
    "group": "blog_category",
    "header": {
      "fields": {
        "Header": [
          {
            "group": "Header",
            "type": "String",
            "optional": false,
            "field": "X-Api-Key",
            "description": "<p>Blog categorys unique access-key.</p>"
          },
          {
            "group": "Header",
            "type": "String",
            "optional": false,
            "field": "X-Token",
            "description": "<p>Blog categorys unique token.</p>"
          }
        ]
      }
    },
    "permission": [
      {
        "name": "Blog category Cant be Accessed permission name : api_Blog category_detail"
      }
    ],
    "parameter": {
      "fields": {
        "Parameter": [
          {
            "group": "Parameter",
            "type": "Integer",
            "optional": false,
            "field": "Id",
            "description": "<p>Mandatory id of Blog categorys.</p>"
          }
        ]
      }
    },
    "success": {
      "fields": {
        "Success 200": [
          {
            "group": "Success 200",
            "type": "Boolean",
            "optional": false,
            "field": "Status",
            "description": "<p>status response api.</p>"
          },
          {
            "group": "Success 200",
            "type": "String",
            "optional": false,
            "field": "Message",
            "description": "<p>message response api.</p>"
          },
          {
            "group": "Success 200",
            "type": "Array",
            "optional": false,
            "field": "Data",
            "description": "<p>data of Blog category.</p>"
          }
        ]
      },
      "examples": [
        {
          "title": "Success-Response:",
          "content": "HTTP/1.1 200 OK",
          "type": "json"
        }
      ]
    },
    "error": {
      "fields": {
        "Error 4xx": [
          {
            "group": "Error 4xx",
            "optional": false,
            "field": "Blog categoryNotFound",
            "description": "<p>Blog category data is not found.</p>"
          }
        ]
      },
      "examples": [
        {
          "title": "Error-Response:",
          "content": "HTTP/1.1 403 Not Acceptable",
          "type": "json"
        }
      ]
    },
    "filename": "application/controllers/api/Blog category.php",
    "groupTitle": "Blog category"
  },
  {
    "type": "post",
    "url": "/Blog category/update",
    "title": "Update Blog category.",
    "version": "0.1.0",
    "name": "Updateblog_category",
    "group": "blog_category",
    "header": {
      "fields": {
        "Header": [
          {
            "group": "Header",
            "type": "String",
            "optional": false,
            "field": "X-Api-Key",
            "description": "<p>Blog categorys unique access-key.</p>"
          },
          {
            "group": "Header",
            "type": "String",
            "optional": false,
            "field": "X-Token",
            "description": "<p>Blog categorys unique token.</p>"
          }
        ]
      }
    },
    "permission": [
      {
        "name": "Blog category Cant be Accessed permission name : api_Blog category_update"
      }
    ],
    "parameter": {
      "fields": {
        "Parameter": [
                    {
            "group": "Parameter",
            "type": "String",
            "optional": false,
            "field": "Category_name",
            "description": "<p>Mandatory category_name of Blog categorys Input Category Name Max Length : 200..</p>"
          },
          {
            "group": "Parameter",
            "type": "String",
            "optional": false,
            "field": "Category_desc",
            "description": "<p>Mandatory category_desc of Blog categorys .</p>"
          }
        ]
      }
    },
    "success": {
      "fields": {
        "Success 200": [
          {
            "group": "Success 200",
            "type": "Boolean",
            "optional": false,
            "field": "Status",
            "description": "<p>status response api.</p>"
          },
          {
            "group": "Success 200",
            "type": "String",
            "optional": false,
            "field": "Message",
            "description": "<p>message response api.</p>"
          }
        ]
      },
      "examples": [
        {
          "title": "Success-Response:",
          "content": "HTTP/1.1 200 OK",
          "type": "json"
        }
      ]
    },
    "error": {
      "fields": {
        "Error 4xx": [
          {
            "group": "Error 4xx",
            "optional": false,
            "field": "ValidationError",
            "description": "<p>Error validation.</p>"
          }
        ]
      },
      "examples": [
        {
          "title": "Error-Response:",
          "content": "HTTP/1.1 403 Not Acceptable",
          "type": "json"
        }
      ]
    },
    "filename": "application/controllers/api/Blog category.php",
    "groupTitle": "Blog category"
  }