{
    "type": "post",
    "url": "/book/add",
    "title": "Add Book.",
    "version": "0.1.0",
    "name": "Addbook",
    "group": "book",
    "header": {
      "fields": {
        "Header": [
          {
            "group": "Header",
            "type": "String",
            "optional": false,
            "field": "X-Api-Key",
            "description": "<p>Book unique access-key.</p>"
          }
          ,
          {
            "group": "Header",
            "type": "String",
            "optional": false,
            "field": "X-Token",
            "description": "<p>Book unique token.</p>"
          }
                  ]
      }
    },
    "permission": [
      {
        "name": "Book Cant be Accessed permission name : api_book_add"
      }
    ],
    "parameter": {
      "fields": {
        "Parameter": [
                    {
            "group": "Parameter",
            "type": "String",
            "optional": false,
            "field": "Name",
            "description": "<p>Mandatory name of Books Input Name Max Length : 250..</p>"
          },
          {
            "group": "Parameter",
            "type": "String",
            "optional": false,
            "field": "Author",
            "description": "<p>Mandatory author of Books Input Author Max Length : 250..</p>"
          },
          {
            "group": "Parameter",
            "type": "String",
            "optional": false,
            "field": "Description",
            "description": "<p>Mandatory description of Books .</p>"
          },
          {
            "group": "Parameter",
            "type": "String",
            "optional": false,
            "field": "Image",
            "description": "<p>Mandatory image of Books Input Image Max Length : 250..</p>"
          },
          {
            "group": "Parameter",
            "type": "String",
            "optional": false,
            "field": "Stock",
            "description": "<p>Mandatory stock of Books Input Stock Max Length : 11..</p>"
          },
          {
            "group": "Parameter",
            "type": "String",
            "optional": false,
            "field": "Price",
            "description": "<p>Mandatory price of Books Input Price Max Length : 11..</p>"
          },
          {
            "group": "Parameter",
            "type": "String",
            "optional": false,
            "field": "Publish_date",
            "description": "<p>Mandatory publish_date of Books .</p>"
          }
        ]
      }
    },
    "success": {
      "fields": {
        "Success 200": [
          {
            "group": "Success 200",
            "type": "Boolean",
            "optional": false,
            "field": "Status",
            "description": "<p>status response api.</p>"
          },
          {
            "group": "Success 200",
            "type": "String",
            "optional": false,
            "field": "Message",
            "description": "<p>message response api.</p>"
          }
        ]
      },
      "examples": [
        {
          "title": "Success-Response:",
          "content": "HTTP/1.1 200 OK",
          "type": "json"
        }
      ]
    },
    "error": {
      "fields": {
        "Error 4xx": [
          {
            "group": "Error 4xx",
            "optional": false,
            "field": "ValidationError",
            "description": "<p>Error validation.</p>"
          }
        ]
      },
      "examples": [
        {
          "title": "Error-Response:",
          "content": "HTTP/1.1 403 Not Acceptable",
          "type": "json"
        }
      ]
    },
    "filename": "application/controllers/api/Book.php",
    "groupTitle": "Book"
  },
  {
    "type": "get",
    "url": "/book/all",
    "title": "Get all Books.",
    "version": "0.1.0",
    "name": "Allbook",
    "group": "book",
    "header": {
      "fields": {
        "Header": [
          {
            "group": "Header",
            "type": "String",
            "optional": false,
            "field": "X-Api-Key",
            "description": "<p>Books unique access-key.</p>"
          },
          {
            "group": "Header",
            "type": "String",
            "optional": false,
            "field": "X-Token",
            "description": "<p>Books unique token.</p>"
          }
        ]
      }
    },
    "permission": [
      {
        "name": "{} Cant be Accessed permission name : api_Book_all"
      }
    ],
    "parameter": {
      "fields": {
        "Parameter": [
         
          {
            "group": "Parameter",
            "type": "String",
            "optional": true,
            "field": "Field",
            "defaultValue": "All Field",
            "description": "<p>Optional field of Books.</p>"
          },
          {
            "group": "Parameter",
            "type": "String",
            "optional": true,
            "field": "Start",
            "defaultValue": "0",
            "description": "<p>Optional start index of Books.</p>"
          },
          {
            "group": "Parameter",
            "type": "String",
            "optional": true,
            "field": "Limit",
            "defaultValue": "10",
            "description": "<p>Optional limit data of Books.</p>"
          }
        ]
      }
    },
    "success": {
      "fields": {
        "Success 200": [
          {
            "group": "Success 200",
            "type": "Boolean",
            "optional": false,
            "field": "Status",
            "description": "<p>status response api.</p>"
          },
          {
            "group": "Success 200",
            "type": "String",
            "optional": false,
            "field": "Message",
            "description": "<p>message response api.</p>"
          },
          {
            "group": "Success 200",
            "type": "Array",
            "optional": false,
            "field": "Data",
            "description": "<p>data of Book.</p>"
          }
        ]
      },
      "examples": [
        {
          "title": "Success-Response:",
          "content": "HTTP/1.1 200 OK",
          "type": "json"
        }
      ]
    },
    "error": {
      "fields": {
        "Error 4xx": [
          {
            "group": "Error 4xx",
            "optional": false,
            "field": "NoDataBook",
            "description": "<p>Book data is nothing.</p>"
          }
        ]
      },
      "examples": [
        {
          "title": "Error-Response:",
          "content": "HTTP/1.1 403 Not Acceptable",
          "type": "json"
        }
      ]
    },
    "filename": "application/controllers/api/Book.php",
    "groupTitle": "Book"
  },
  {
    "type": "post",
    "url": "/Book/delete",
    "title": "Delete Book.",
    "version": "0.1.0",
    "name": "Deletebook",
    "group": "book",
    "header": {
      "fields": {
        "Header": [
          {
            "group": "Header",
            "type": "String",
            "optional": false,
            "field": "X-Api-Key",
            "description": "<p>Books unique access-key.</p>"
          },
          {
            "group": "Header",
            "type": "String",
            "optional": false,
            "field": "X-Token",
            "description": "<p>Books unique token.</p>"
          }
        ]
      }
    },
    "permission": [
      {
        "name": "Book Cant be Accessed permission name : api_Book_delete"
      }
    ],
    "parameter": {
      "fields": {
        "Parameter": [
          {
            "group": "Parameter",
            "type": "Integer",
            "optional": false,
            "field": "Id",
            "description": "<p>Mandatory id of Books .</p>"
          }
        ]
      }
    },
    "success": {
      "fields": {
        "Success 200": [
          {
            "group": "Success 200",
            "type": "Boolean",
            "optional": false,
            "field": "Status",
            "description": "<p>status response api.</p>"
          },
          {
            "group": "Success 200",
            "type": "String",
            "optional": false,
            "field": "Message",
            "description": "<p>message response api.</p>"
          }
        ]
      },
      "examples": [
        {
          "title": "Success-Response:",
          "content": "HTTP/1.1 200 OK",
          "type": "json"
        }
      ]
    },
    "error": {
      "fields": {
        "Error 4xx": [
          {
            "group": "Error 4xx",
            "optional": false,
            "field": "ValidationError",
            "description": "<p>Error validation.</p>"
          }
        ]
      },
      "examples": [
        {
          "title": "Error-Response:",
          "content": "HTTP/1.1 403 Not Acceptable",
          "type": "json"
        }
      ]
    },
    "filename": "application/controllers/api/Book.php",
    "groupTitle": "Book"
  },
  {
    "type": "get",
    "url": "/Book/detail",
    "title": "Detail Book.",
    "version": "0.1.0",
    "name": "Detailbook",
    "group": "book",
    "header": {
      "fields": {
        "Header": [
          {
            "group": "Header",
            "type": "String",
            "optional": false,
            "field": "X-Api-Key",
            "description": "<p>Books unique access-key.</p>"
          },
          {
            "group": "Header",
            "type": "String",
            "optional": false,
            "field": "X-Token",
            "description": "<p>Books unique token.</p>"
          }
        ]
      }
    },
    "permission": [
      {
        "name": "Book Cant be Accessed permission name : api_Book_detail"
      }
    ],
    "parameter": {
      "fields": {
        "Parameter": [
          {
            "group": "Parameter",
            "type": "Integer",
            "optional": false,
            "field": "Id",
            "description": "<p>Mandatory id of Books.</p>"
          }
        ]
      }
    },
    "success": {
      "fields": {
        "Success 200": [
          {
            "group": "Success 200",
            "type": "Boolean",
            "optional": false,
            "field": "Status",
            "description": "<p>status response api.</p>"
          },
          {
            "group": "Success 200",
            "type": "String",
            "optional": false,
            "field": "Message",
            "description": "<p>message response api.</p>"
          },
          {
            "group": "Success 200",
            "type": "Array",
            "optional": false,
            "field": "Data",
            "description": "<p>data of Book.</p>"
          }
        ]
      },
      "examples": [
        {
          "title": "Success-Response:",
          "content": "HTTP/1.1 200 OK",
          "type": "json"
        }
      ]
    },
    "error": {
      "fields": {
        "Error 4xx": [
          {
            "group": "Error 4xx",
            "optional": false,
            "field": "BookNotFound",
            "description": "<p>Book data is not found.</p>"
          }
        ]
      },
      "examples": [
        {
          "title": "Error-Response:",
          "content": "HTTP/1.1 403 Not Acceptable",
          "type": "json"
        }
      ]
    },
    "filename": "application/controllers/api/Book.php",
    "groupTitle": "Book"
  },
  {
    "type": "post",
    "url": "/Book/update",
    "title": "Update Book.",
    "version": "0.1.0",
    "name": "Updatebook",
    "group": "book",
    "header": {
      "fields": {
        "Header": [
          {
            "group": "Header",
            "type": "String",
            "optional": false,
            "field": "X-Api-Key",
            "description": "<p>Books unique access-key.</p>"
          },
          {
            "group": "Header",
            "type": "String",
            "optional": false,
            "field": "X-Token",
            "description": "<p>Books unique token.</p>"
          }
        ]
      }
    },
    "permission": [
      {
        "name": "Book Cant be Accessed permission name : api_Book_update"
      }
    ],
    "parameter": {
      "fields": {
        "Parameter": [
                    {
            "group": "Parameter",
            "type": "String",
            "optional": false,
            "field": "Name",
            "description": "<p>Mandatory name of Books Input Name Max Length : 250..</p>"
          },
          {
            "group": "Parameter",
            "type": "String",
            "optional": false,
            "field": "Author",
            "description": "<p>Mandatory author of Books Input Author Max Length : 250..</p>"
          },
          {
            "group": "Parameter",
            "type": "String",
            "optional": false,
            "field": "Description",
            "description": "<p>Mandatory description of Books .</p>"
          },
          {
            "group": "Parameter",
            "type": "String",
            "optional": false,
            "field": "Image",
            "description": "<p>Mandatory image of Books Input Image Max Length : 250..</p>"
          },
          {
            "group": "Parameter",
            "type": "String",
            "optional": false,
            "field": "Stock",
            "description": "<p>Mandatory stock of Books Input Stock Max Length : 11..</p>"
          },
          {
            "group": "Parameter",
            "type": "String",
            "optional": false,
            "field": "Price",
            "description": "<p>Mandatory price of Books Input Price Max Length : 11..</p>"
          },
          {
            "group": "Parameter",
            "type": "String",
            "optional": false,
            "field": "Publish_date",
            "description": "<p>Mandatory publish_date of Books .</p>"
          }
        ]
      }
    },
    "success": {
      "fields": {
        "Success 200": [
          {
            "group": "Success 200",
            "type": "Boolean",
            "optional": false,
            "field": "Status",
            "description": "<p>status response api.</p>"
          },
          {
            "group": "Success 200",
            "type": "String",
            "optional": false,
            "field": "Message",
            "description": "<p>message response api.</p>"
          }
        ]
      },
      "examples": [
        {
          "title": "Success-Response:",
          "content": "HTTP/1.1 200 OK",
          "type": "json"
        }
      ]
    },
    "error": {
      "fields": {
        "Error 4xx": [
          {
            "group": "Error 4xx",
            "optional": false,
            "field": "ValidationError",
            "description": "<p>Error validation.</p>"
          }
        ]
      },
      "examples": [
        {
          "title": "Error-Response:",
          "content": "HTTP/1.1 403 Not Acceptable",
          "type": "json"
        }
      ]
    },
    "filename": "application/controllers/api/Book.php",
    "groupTitle": "Book"
  }