{
    "type": "post",
    "url": "/product/add",
    "title": "Add Product.",
    "version": "0.1.0",
    "name": "Addproduct",
    "group": "product",
    "header": {
      "fields": {
        "Header": [
          {
            "group": "Header",
            "type": "String",
            "optional": false,
            "field": "X-Api-Key",
            "description": "<p>Product unique access-key.</p>"
          }
          ,
          {
            "group": "Header",
            "type": "String",
            "optional": false,
            "field": "X-Token",
            "description": "<p>Product unique token.</p>"
          }
                  ]
      }
    },
    "permission": [
      {
        "name": "Product Cant be Accessed permission name : api_product_add"
      }
    ],
    "parameter": {
      "fields": {
        "Parameter": [
                    {
            "group": "Parameter",
            "type": "String",
            "optional": false,
            "field": "Product_name",
            "description": "<p>Mandatory product_name of Products Input Product Name Max Length : 250..</p>"
          },
          {
            "group": "Parameter",
            "type": "String",
            "optional": false,
            "field": "Sku",
            "description": "<p>Mandatory sku of Products Input Sku Max Length : 250..</p>"
          },
          {
            "group": "Parameter",
            "type": "String",
            "optional": false,
            "field": "Url",
            "description": "<p>Mandatory url of Products Input Url Max Length : 250..</p>"
          },
          {
            "group": "Parameter",
            "type": "String",
            "optional": false,
            "field": "Weight",
            "description": "<p>Mandatory weight of Products .</p>"
          },
          {
            "group": "Parameter",
            "type": "String",
            "optional": false,
            "field": "Price",
            "description": "<p>Mandatory price of Products Input Price Max Length : 39..</p>"
          },
          {
            "group": "Parameter",
            "type": "String",
            "optional": false,
            "field": "Description",
            "description": "<p>Mandatory description of Products .</p>"
          },
          {
            "group": "Parameter",
            "type": "String",
            "optional": false,
            "field": "Image",
            "description": "<p>Mandatory image of Products Input Image Max Length : 250..</p>"
          },
          {
            "group": "Parameter",
            "type": "String",
            "optional": false,
            "field": "Stock",
            "description": "<p>Mandatory stock of Products Input Stock Max Length : 11..</p>"
          },
          {
            "group": "Parameter",
            "type": "String",
            "optional": false,
            "field": "Variant",
            "description": "<p>Mandatory variant of Products Input Variant Max Length : 250..</p>"
          },
          {
            "group": "Parameter",
            "type": "String",
            "optional": false,
            "field": "Created_at",
            "description": "<p>Mandatory created_at of Products .</p>"
          }
        ]
      }
    },
    "success": {
      "fields": {
        "Success 200": [
          {
            "group": "Success 200",
            "type": "Boolean",
            "optional": false,
            "field": "Status",
            "description": "<p>status response api.</p>"
          },
          {
            "group": "Success 200",
            "type": "String",
            "optional": false,
            "field": "Message",
            "description": "<p>message response api.</p>"
          }
        ]
      },
      "examples": [
        {
          "title": "Success-Response:",
          "content": "HTTP/1.1 200 OK",
          "type": "json"
        }
      ]
    },
    "error": {
      "fields": {
        "Error 4xx": [
          {
            "group": "Error 4xx",
            "optional": false,
            "field": "ValidationError",
            "description": "<p>Error validation.</p>"
          }
        ]
      },
      "examples": [
        {
          "title": "Error-Response:",
          "content": "HTTP/1.1 403 Not Acceptable",
          "type": "json"
        }
      ]
    },
    "filename": "application/controllers/api/Product.php",
    "groupTitle": "Product"
  },
  {
    "type": "get",
    "url": "/product/all",
    "title": "Get all Products.",
    "version": "0.1.0",
    "name": "Allproduct",
    "group": "product",
    "header": {
      "fields": {
        "Header": [
          {
            "group": "Header",
            "type": "String",
            "optional": false,
            "field": "X-Api-Key",
            "description": "<p>Products unique access-key.</p>"
          },
          {
            "group": "Header",
            "type": "String",
            "optional": false,
            "field": "X-Token",
            "description": "<p>Products unique token.</p>"
          }
        ]
      }
    },
    "permission": [
      {
        "name": "{} Cant be Accessed permission name : api_Product_all"
      }
    ],
    "parameter": {
      "fields": {
        "Parameter": [
         
          {
            "group": "Parameter",
            "type": "String",
            "optional": true,
            "field": "Field",
            "defaultValue": "All Field",
            "description": "<p>Optional field of Products.</p>"
          },
          {
            "group": "Parameter",
            "type": "String",
            "optional": true,
            "field": "Start",
            "defaultValue": "0",
            "description": "<p>Optional start index of Products.</p>"
          },
          {
            "group": "Parameter",
            "type": "String",
            "optional": true,
            "field": "Limit",
            "defaultValue": "10",
            "description": "<p>Optional limit data of Products.</p>"
          }
        ]
      }
    },
    "success": {
      "fields": {
        "Success 200": [
          {
            "group": "Success 200",
            "type": "Boolean",
            "optional": false,
            "field": "Status",
            "description": "<p>status response api.</p>"
          },
          {
            "group": "Success 200",
            "type": "String",
            "optional": false,
            "field": "Message",
            "description": "<p>message response api.</p>"
          },
          {
            "group": "Success 200",
            "type": "Array",
            "optional": false,
            "field": "Data",
            "description": "<p>data of Product.</p>"
          }
        ]
      },
      "examples": [
        {
          "title": "Success-Response:",
          "content": "HTTP/1.1 200 OK",
          "type": "json"
        }
      ]
    },
    "error": {
      "fields": {
        "Error 4xx": [
          {
            "group": "Error 4xx",
            "optional": false,
            "field": "NoDataProduct",
            "description": "<p>Product data is nothing.</p>"
          }
        ]
      },
      "examples": [
        {
          "title": "Error-Response:",
          "content": "HTTP/1.1 403 Not Acceptable",
          "type": "json"
        }
      ]
    },
    "filename": "application/controllers/api/Product.php",
    "groupTitle": "Product"
  },
  {
    "type": "post",
    "url": "/Product/delete",
    "title": "Delete Product.",
    "version": "0.1.0",
    "name": "Deleteproduct",
    "group": "product",
    "header": {
      "fields": {
        "Header": [
          {
            "group": "Header",
            "type": "String",
            "optional": false,
            "field": "X-Api-Key",
            "description": "<p>Products unique access-key.</p>"
          },
          {
            "group": "Header",
            "type": "String",
            "optional": false,
            "field": "X-Token",
            "description": "<p>Products unique token.</p>"
          }
        ]
      }
    },
    "permission": [
      {
        "name": "Product Cant be Accessed permission name : api_Product_delete"
      }
    ],
    "parameter": {
      "fields": {
        "Parameter": [
          {
            "group": "Parameter",
            "type": "Integer",
            "optional": false,
            "field": "Id",
            "description": "<p>Mandatory id of Products .</p>"
          }
        ]
      }
    },
    "success": {
      "fields": {
        "Success 200": [
          {
            "group": "Success 200",
            "type": "Boolean",
            "optional": false,
            "field": "Status",
            "description": "<p>status response api.</p>"
          },
          {
            "group": "Success 200",
            "type": "String",
            "optional": false,
            "field": "Message",
            "description": "<p>message response api.</p>"
          }
        ]
      },
      "examples": [
        {
          "title": "Success-Response:",
          "content": "HTTP/1.1 200 OK",
          "type": "json"
        }
      ]
    },
    "error": {
      "fields": {
        "Error 4xx": [
          {
            "group": "Error 4xx",
            "optional": false,
            "field": "ValidationError",
            "description": "<p>Error validation.</p>"
          }
        ]
      },
      "examples": [
        {
          "title": "Error-Response:",
          "content": "HTTP/1.1 403 Not Acceptable",
          "type": "json"
        }
      ]
    },
    "filename": "application/controllers/api/Product.php",
    "groupTitle": "Product"
  },
  {
    "type": "get",
    "url": "/Product/detail",
    "title": "Detail Product.",
    "version": "0.1.0",
    "name": "Detailproduct",
    "group": "product",
    "header": {
      "fields": {
        "Header": [
          {
            "group": "Header",
            "type": "String",
            "optional": false,
            "field": "X-Api-Key",
            "description": "<p>Products unique access-key.</p>"
          },
          {
            "group": "Header",
            "type": "String",
            "optional": false,
            "field": "X-Token",
            "description": "<p>Products unique token.</p>"
          }
        ]
      }
    },
    "permission": [
      {
        "name": "Product Cant be Accessed permission name : api_Product_detail"
      }
    ],
    "parameter": {
      "fields": {
        "Parameter": [
          {
            "group": "Parameter",
            "type": "Integer",
            "optional": false,
            "field": "Id",
            "description": "<p>Mandatory id of Products.</p>"
          }
        ]
      }
    },
    "success": {
      "fields": {
        "Success 200": [
          {
            "group": "Success 200",
            "type": "Boolean",
            "optional": false,
            "field": "Status",
            "description": "<p>status response api.</p>"
          },
          {
            "group": "Success 200",
            "type": "String",
            "optional": false,
            "field": "Message",
            "description": "<p>message response api.</p>"
          },
          {
            "group": "Success 200",
            "type": "Array",
            "optional": false,
            "field": "Data",
            "description": "<p>data of Product.</p>"
          }
        ]
      },
      "examples": [
        {
          "title": "Success-Response:",
          "content": "HTTP/1.1 200 OK",
          "type": "json"
        }
      ]
    },
    "error": {
      "fields": {
        "Error 4xx": [
          {
            "group": "Error 4xx",
            "optional": false,
            "field": "ProductNotFound",
            "description": "<p>Product data is not found.</p>"
          }
        ]
      },
      "examples": [
        {
          "title": "Error-Response:",
          "content": "HTTP/1.1 403 Not Acceptable",
          "type": "json"
        }
      ]
    },
    "filename": "application/controllers/api/Product.php",
    "groupTitle": "Product"
  },
  {
    "type": "post",
    "url": "/Product/update",
    "title": "Update Product.",
    "version": "0.1.0",
    "name": "Updateproduct",
    "group": "product",
    "header": {
      "fields": {
        "Header": [
          {
            "group": "Header",
            "type": "String",
            "optional": false,
            "field": "X-Api-Key",
            "description": "<p>Products unique access-key.</p>"
          },
          {
            "group": "Header",
            "type": "String",
            "optional": false,
            "field": "X-Token",
            "description": "<p>Products unique token.</p>"
          }
        ]
      }
    },
    "permission": [
      {
        "name": "Product Cant be Accessed permission name : api_Product_update"
      }
    ],
    "parameter": {
      "fields": {
        "Parameter": [
                    {
            "group": "Parameter",
            "type": "String",
            "optional": false,
            "field": "Product_name",
            "description": "<p>Mandatory product_name of Products Input Product Name Max Length : 250..</p>"
          },
          {
            "group": "Parameter",
            "type": "String",
            "optional": false,
            "field": "Sku",
            "description": "<p>Mandatory sku of Products Input Sku Max Length : 250..</p>"
          },
          {
            "group": "Parameter",
            "type": "String",
            "optional": false,
            "field": "Url",
            "description": "<p>Mandatory url of Products Input Url Max Length : 250..</p>"
          },
          {
            "group": "Parameter",
            "type": "String",
            "optional": false,
            "field": "Weight",
            "description": "<p>Mandatory weight of Products .</p>"
          },
          {
            "group": "Parameter",
            "type": "String",
            "optional": false,
            "field": "Price",
            "description": "<p>Mandatory price of Products Input Price Max Length : 39..</p>"
          },
          {
            "group": "Parameter",
            "type": "String",
            "optional": false,
            "field": "Description",
            "description": "<p>Mandatory description of Products .</p>"
          },
          {
            "group": "Parameter",
            "type": "String",
            "optional": false,
            "field": "Image",
            "description": "<p>Mandatory image of Products Input Image Max Length : 250..</p>"
          },
          {
            "group": "Parameter",
            "type": "String",
            "optional": false,
            "field": "Stock",
            "description": "<p>Mandatory stock of Products Input Stock Max Length : 11..</p>"
          },
          {
            "group": "Parameter",
            "type": "String",
            "optional": false,
            "field": "Variant",
            "description": "<p>Mandatory variant of Products Input Variant Max Length : 250..</p>"
          },
          {
            "group": "Parameter",
            "type": "String",
            "optional": false,
            "field": "Created_at",
            "description": "<p>Mandatory created_at of Products .</p>"
          }
        ]
      }
    },
    "success": {
      "fields": {
        "Success 200": [
          {
            "group": "Success 200",
            "type": "Boolean",
            "optional": false,
            "field": "Status",
            "description": "<p>status response api.</p>"
          },
          {
            "group": "Success 200",
            "type": "String",
            "optional": false,
            "field": "Message",
            "description": "<p>message response api.</p>"
          }
        ]
      },
      "examples": [
        {
          "title": "Success-Response:",
          "content": "HTTP/1.1 200 OK",
          "type": "json"
        }
      ]
    },
    "error": {
      "fields": {
        "Error 4xx": [
          {
            "group": "Error 4xx",
            "optional": false,
            "field": "ValidationError",
            "description": "<p>Error validation.</p>"
          }
        ]
      },
      "examples": [
        {
          "title": "Error-Response:",
          "content": "HTTP/1.1 403 Not Acceptable",
          "type": "json"
        }
      ]
    },
    "filename": "application/controllers/api/Product.php",
    "groupTitle": "Product"
  }