 {
    "type": "post",
    "url": "/user/add",
    "title": "Add User.",
    "version": "0.1.0",
    "name": "AddUser",
    "group": "User",
    "header": {
      "fields": {
        "Header": [
          {
            "group": "Header",
            "type": "String",
            "optional": false,
            "field": "X-API-KEY",
            "description": "<p>Users unique access-key.</p>"
          },
          {
            "group": "Header",
            "type": "String",
            "optional": false,
            "field": "X-Token",
            "description": "<p>Users unique token.</p>"
          }
        ]
      }
    },
    "permission": [
      {
        "name": "Group Cant be Accessed permission name : api_user_add"
      }
    ],
    "parameter": {
      "fields": {
        "Parameter": [
          {
            "group": "Parameter",
            "type": "String",
            "optional": false,
            "field": "Username",
            "description": "<p>Mandatory username of Users.</p>"
          },
          {
            "group": "Parameter",
            "type": "String",
            "optional": false,
            "field": "Email",
            "description": "<p>Mandatory email of Users.</p>"
          },
          {
            "group": "Parameter",
            "type": "String",
            "optional": false,
            "field": "Password",
            "description": "<p>password of Users.</p>"
          },
          {
            "group": "Parameter",
            "type": "Array",
            "optional": true,
            "field": "Group",
            "defaultValue": "Default",
            "description": "<p>Optional group of Users.</p>"
          },
          {
            "group": "Parameter",
            "type": "File",
            "optional": true,
            "field": "Avatar",
            "defaultValue": "Default.PNG",
            "description": "<p>Optional avatar of Users.</p>"
          }
        ]
      }
    },
    "success": {
      "fields": {
        "Success 200": [
          {
            "group": "Success 200",
            "type": "Boolean",
            "optional": false,
            "field": "Status",
            "description": "<p>status response api.</p>"
          },
          {
            "group": "Success 200",
            "type": "String",
            "optional": false,
            "field": "Message",
            "description": "<p>message response api.</p>"
          }
        ]
      },
      "examples": [
        {
          "title": "Success-Response:",
          "content": "HTTP/1.1 200 OK",
          "type": "json"
        }
      ]
    },
    "error": {
      "fields": {
        "Error 4xx": [
          {
            "group": "Error 4xx",
            "optional": false,
            "field": "ValidationError",
            "description": "<p>Error validation.</p>"
          }
        ]
      },
      "examples": [
        {
          "title": "Error-Response:",
          "content": "HTTP/1.1 403 Not Acceptable",
          "type": "json"
        }
      ]
    },
    "filename": "application/controllers/api/User.php",
    "groupTitle": "User"
  },
  {
    "type": "get",
    "url": "/user/all",
    "title": "Get all users.",
    "version": "0.1.0",
    "name": "AllUser",
    "group": "User",
    "header": {
      "fields": {
        "Header": [
          {
            "group": "Header",
            "type": "String",
            "optional": false,
            "field": "X-API-KEY",
            "description": "<p>Users unique access-key.</p>"
          },
          {
            "group": "Header",
            "type": "String",
            "optional": false,
            "field": "X-Token",
            "description": "<p>Users unique token.</p>"
          }
        ]
      }
    },
    "permission": [
      {
        "name": "Group Cant be Accessed permission name : api_user_all"
      }
    ],
    "parameter": {
      "fields": {
        "Parameter": [
          {
            "group": "Parameter",
            "type": "String",
            "optional": true,
            "field": "Filter",
            "defaultValue": "null",
            "description": "<p>Optional filter of Users.</p>"
          },
          {
            "group": "Parameter",
            "type": "String",
            "optional": true,
            "field": "Field",
            "defaultValue": "All Field",
            "description": "<p>Optional field of Users.</p>"
          },
          {
            "group": "Parameter",
            "type": "String",
            "optional": true,
            "field": "Start",
            "defaultValue": "0",
            "description": "<p>Optional start index of Users.</p>"
          },
          {
            "group": "Parameter",
            "type": "String",
            "optional": true,
            "field": "Limit",
            "defaultValue": "10",
            "description": "<p>Optional limit data of Users.</p>"
          }
        ]
      }
    },
    "success": {
      "fields": {
        "Success 200": [
          {
            "group": "Success 200",
            "type": "Boolean",
            "optional": false,
            "field": "Status",
            "description": "<p>status response api.</p>"
          },
          {
            "group": "Success 200",
            "type": "String",
            "optional": false,
            "field": "Message",
            "description": "<p>message response api.</p>"
          },
          {
            "group": "Success 200",
            "type": "Array",
            "optional": false,
            "field": "Data",
            "description": "<p>data of user.</p>"
          }
        ]
      },
      "examples": [
        {
          "title": "Success-Response:",
          "content": "HTTP/1.1 200 OK",
          "type": "json"
        }
      ]
    },
    "error": {
      "fields": {
        "Error 4xx": [
          {
            "group": "Error 4xx",
            "optional": false,
            "field": "NoDataUser",
            "description": "<p>User data is nothing.</p>"
          }
        ]
      },
      "examples": [
        {
          "title": "Error-Response:",
          "content": "HTTP/1.1 403 Not Acceptable",
          "type": "json"
        }
      ]
    },
    "filename": "application/controllers/api/User.php",
    "groupTitle": "User"
  },
  {
    "type": "post",
    "url": "/user/delete",
    "title": "Delete User.",
    "version": "0.1.0",
    "name": "DeleteUser",
    "group": "User",
    "header": {
      "fields": {
        "Header": [
          {
            "group": "Header",
            "type": "String",
            "optional": false,
            "field": "X-API-KEY",
            "description": "<p>Users unique access-key.</p>"
          },
          {
            "group": "Header",
            "type": "String",
            "optional": false,
            "field": "X-Token",
            "description": "<p>Users unique token.</p>"
          }
        ]
      }
    },
    "permission": [
      {
        "name": "Group Cant be Accessed permission name : api_user_delete"
      }
    ],
    "parameter": {
      "fields": {
        "Parameter": [
          {
            "group": "Parameter",
            "type": "Integer",
            "optional": false,
            "field": "Id",
            "description": "<p>mandatory id of Users .</p>"
          }
        ]
      }
    },
    "success": {
      "fields": {
        "Success 200": [
          {
            "group": "Success 200",
            "type": "Boolean",
            "optional": false,
            "field": "Status",
            "description": "<p>status response api.</p>"
          },
          {
            "group": "Success 200",
            "type": "String",
            "optional": false,
            "field": "Message",
            "description": "<p>message response api.</p>"
          }
        ]
      },
      "examples": [
        {
          "title": "Success-Response:",
          "content": "HTTP/1.1 200 OK",
          "type": "json"
        }
      ]
    },
    "error": {
      "fields": {
        "Error 4xx": [
          {
            "group": "Error 4xx",
            "optional": false,
            "field": "ValidationError",
            "description": "<p>Error validation.</p>"
          }
        ]
      },
      "examples": [
        {
          "title": "Error-Response:",
          "content": "HTTP/1.1 403 Not Acceptable",
          "type": "json"
        }
      ]
    },
    "filename": "application/controllers/api/User.php",
    "groupTitle": "User"
  },
  {
    "type": "get",
    "url": "/user/detail",
    "title": "Detail User.",
    "version": "0.1.0",
    "name": "DetailUser",
    "group": "User",
    "header": {
      "fields": {
        "Header": [
          {
            "group": "Header",
            "type": "String",
            "optional": false,
            "field": "X-API-KEY",
            "description": "<p>Users unique access-key.</p>"
          },
          {
            "group": "Header",
            "type": "String",
            "optional": false,
            "field": "X-Token",
            "description": "<p>Users unique token.</p>"
          }
        ]
      }
    },
    "permission": [
      {
        "name": "Group Cant be Accessed permission name : api_user_detail"
      }
    ],
    "parameter": {
      "fields": {
        "Parameter": [
          {
            "group": "Parameter",
            "type": "Integer",
            "optional": false,
            "field": "Id",
            "description": "<p>Mandatory id of Users.</p>"
          }
        ]
      }
    },
    "success": {
      "fields": {
        "Success 200": [
          {
            "group": "Success 200",
            "type": "Boolean",
            "optional": false,
            "field": "Status",
            "description": "<p>status response api.</p>"
          },
          {
            "group": "Success 200",
            "type": "String",
            "optional": false,
            "field": "Message",
            "description": "<p>message response api.</p>"
          },
          {
            "group": "Success 200",
            "type": "Array",
            "optional": false,
            "field": "Data",
            "description": "<p>data of user.</p>"
          }
        ]
      },
      "examples": [
        {
          "title": "Success-Response:",
          "content": "HTTP/1.1 200 OK",
          "type": "json"
        }
      ]
    },
    "error": {
      "fields": {
        "Error 4xx": [
          {
            "group": "Error 4xx",
            "optional": false,
            "field": "UserNotFound",
            "description": "<p>User data is not found.</p>"
          }
        ]
      },
      "examples": [
        {
          "title": "Error-Response:",
          "content": "HTTP/1.1 403 Not Acceptable",
          "type": "json"
        }
      ]
    },
    "filename": "application/controllers/api/User.php",
    "groupTitle": "User"
  },
  {
    "type": "post",
    "url": "/user/login",
    "title": "User login authentication.",
    "version": "0.1.0",
    "name": "LoginUser",
    "group": "User",
    "header": {
      "fields": {
        "Header": [
          {
            "group": "Header",
            "type": "String",
            "optional": false,
            "field": "X-API-KEY",
            "description": "<p>Users unique access-key.</p>"
          }
        ]
      }
    },
    "permission": [
      {
        "name": "none"
      }
    ],
    "parameter": {
      "fields": {
        "Parameter": [
          {
            "group": "Parameter",
            "type": "String",
            "optional": false,
            "field": "Username",
            "description": "<p>Mandatory username of Users.</p>"
          },
          {
            "group": "Parameter",
            "type": "String",
            "optional": false,
            "field": "Password",
            "description": "<p>Mandatory password of Users.</p>"
          }
        ]
      }
    },
    "success": {
      "fields": {
        "Success 200": [
          {
            "group": "Success 200",
            "type": "Boolean",
            "optional": false,
            "field": "Status",
            "description": "<p>status response api.</p>"
          },
          {
            "group": "Success 200",
            "type": "String",
            "optional": false,
            "field": "Message",
            "description": "<p>message response api.</p>"
          },
          {
            "group": "Success 200",
            "type": "Array",
            "optional": false,
            "field": "Data",
            "description": "<p>data of user.</p>"
          },
          {
            "group": "Success 200",
            "type": "String",
            "optional": false,
            "field": "Token",
            "description": "<p>token for access api.</p>"
          }
        ]
      },
      "examples": [
        {
          "title": "Success-Response:",
          "content": "HTTP/1.1 200 OK",
          "type": "json"
        }
      ]
    },
    "error": {
      "fields": {
        "Error 4xx": [
          {
            "group": "Error 4xx",
            "optional": false,
            "field": "InvalidCredential",
            "description": "<p>The username or password is invalid.</p>"
          }
        ]
      },
      "examples": [
        {
          "title": "Error-Response:",
          "content": "HTTP/1.1 403 Not Acceptable",
          "type": "json"
        }
      ]
    },
    "filename": "application/controllers/api/User.php",
    "groupTitle": "User"
  },
  {
    "type": "post",
    "url": "/user/request_token",
    "title": "User request token.",
    "version": "0.1.0",
    "name": "RequestTokenUser",
    "group": "User",
    "header": {
      "fields": {
        "Header": [
          {
            "group": "Header",
            "type": "String",
            "optional": false,
            "field": "X-API-KEY",
            "description": "<p>Users unique access-key.</p>"
          }
        ]
      }
    },
    "permission": [
      {
        "name": "none"
      }
    ],
    "parameter": {
      "fields": {
        "Parameter": [
          {
            "group": "Parameter",
            "type": "String",
            "optional": false,
            "field": "Username",
            "description": "<p>Mandatory username of Users.</p>"
          },
          {
            "group": "Parameter",
            "type": "String",
            "optional": false,
            "field": "Password",
            "description": "<p>Mandatory password of Users.</p>"
          }
        ]
      }
    },
    "success": {
      "fields": {
        "Success 200": [
          {
            "group": "Success 200",
            "type": "String",
            "optional": false,
            "field": "Token",
            "description": "<p>token for access api.</p>"
          }
        ]
      },
      "examples": [
        {
          "title": "Success-Response:",
          "content": "HTTP/1.1 200 OK",
          "type": "json"
        }
      ]
    },
    "error": {
      "fields": {
        "Error 4xx": [
          {
            "group": "Error 4xx",
            "optional": false,
            "field": "InvalidCredential",
            "description": "<p>The username or password is invalid.</p>"
          }
        ]
      },
      "examples": [
        {
          "title": "Error-Response:",
          "content": "HTTP/1.1 403 Not Acceptable",
          "type": "json"
        }
      ]
    },
    "filename": "application/controllers/api/User.php",
    "groupTitle": "User"
  },
  {
    "type": "get",
    "url": "/user/profile",
    "title": "Profile User.",
    "version": "0.1.0",
    "name": "ProfileUser",
    "group": "User",
    "header": {
      "fields": {
        "Header": [
          {
            "group": "Header",
            "type": "String",
            "optional": false,
            "field": "X-API-KEY",
            "description": "<p>Users unique access-key.</p>"
          },
          {
            "group": "Header",
            "type": "String",
            "optional": false,
            "field": "X-Token",
            "description": "<p>Users unique token.</p>"
          }
        ]
      }
    },
    "permission": [
      {
        "name": "Group Cant be Accessed permission name : api_user_profile"
      }
    ],
    "success": {
      "fields": {
        "Success 200": [
          {
            "group": "Success 200",
            "type": "Boolean",
            "optional": false,
            "field": "Status",
            "description": "<p>status response api.</p>"
          },
          {
            "group": "Success 200",
            "type": "String",
            "optional": false,
            "field": "Message",
            "description": "<p>message response api.</p>"
          },
          {
            "group": "Success 200",
            "type": "Array",
            "optional": false,
            "field": "Data",
            "description": "<p>data of user.</p>"
          }
        ]
      },
      "examples": [
        {
          "title": "Success-Response:",
          "content": "HTTP/1.1 200 OK",
          "type": "json"
        }
      ]
    },
    "error": {
      "fields": {
        "Error 4xx": [
          {
            "group": "Error 4xx",
            "optional": false,
            "field": "UserNotFound",
            "description": "<p>User data is not found.</p>"
          }
        ]
      },
      "examples": [
        {
          "title": "Error-Response:",
          "content": "HTTP/1.1 403 Not Acceptable",
          "type": "json"
        }
      ]
    },
    "filename": "application/controllers/api/User.php",
    "groupTitle": "User"
  },
  {
    "type": "post",
    "url": "/user/update_profile",
    "title": "Update Profile User.",
    "version": "0.1.0",
    "name": "UpdateProfileUser",
    "group": "User",
    "header": {
      "fields": {
        "Header": [
          {
            "group": "Header",
            "type": "String",
            "optional": false,
            "field": "X-API-KEY",
            "description": "<p>Users unique access-key.</p>"
          },
          {
            "group": "Header",
            "type": "String",
            "optional": false,
            "field": "X-Token",
            "description": "<p>Users unique token.</p>"
          }
        ]
      }
    },
    "permission": [
      {
        "name": "Group Cant be Accessed permission name : api_user_update"
      }
    ],
    "parameter": {
      "fields": {
        "Parameter": [
          {
            "group": "Parameter",
            "type": "String",
            "optional": false,
            "field": "Email",
            "description": "<p>Mandatory email of Users.</p>"
          },
          {
            "group": "Parameter",
            "type": "String",
            "optional": false,
            "field": "Password",
            "description": "<p>password of Users.</p>"
          },
          {
            "group": "Parameter",
            "type": "Array",
            "optional": true,
            "field": "Group",
            "defaultValue": "Default",
            "description": "<p>Optional group of Users.</p>"
          },
          {
            "group": "Parameter",
            "type": "File",
            "optional": true,
            "field": "Avatar",
            "defaultValue": "Default.PNG",
            "description": "<p>Optional avatar of Users.</p>"
          },
          {
            "group": "Parameter",
            "type": "Integer",
            "optional": false,
            "field": "Id",
            "description": "<p>id of Users.</p>"
          }
        ]
      }
    },
    "success": {
      "fields": {
        "Success 200": [
          {
            "group": "Success 200",
            "type": "Boolean",
            "optional": false,
            "field": "Status",
            "description": "<p>status response api.</p>"
          },
          {
            "group": "Success 200",
            "type": "String",
            "optional": false,
            "field": "Message",
            "description": "<p>message response api.</p>"
          }
        ]
      },
      "examples": [
        {
          "title": "Success-Response:",
          "content": "HTTP/1.1 200 OK",
          "type": "json"
        }
      ]
    },
    "error": {
      "fields": {
        "Error 4xx": [
          {
            "group": "Error 4xx",
            "optional": false,
            "field": "ValidationError",
            "description": "<p>Error validation.</p>"
          }
        ]
      },
      "examples": [
        {
          "title": "Error-Response:",
          "content": "HTTP/1.1 403 Not Acceptable",
          "type": "json"
        }
      ]
    },
    "filename": "application/controllers/api/User.php",
    "groupTitle": "User"
  },
  {
    "type": "post",
    "url": "/user/update",
    "title": "Update User.",
    "version": "0.1.0",
    "name": "UpdateUser",
    "group": "User",
    "header": {
      "fields": {
        "Header": [
          {
            "group": "Header",
            "type": "String",
            "optional": false,
            "field": "X-API-KEY",
            "description": "<p>Users unique access-key.</p>"
          },
          {
            "group": "Header",
            "type": "String",
            "optional": false,
            "field": "X-Token",
            "description": "<p>Users unique token.</p>"
          }
        ]
      }
    },
    "permission": [
      {
        "name": "Group Cant be Accessed permission name : api_user_update"
      }
    ],
    "parameter": {
      "fields": {
        "Parameter": [
          {
            "group": "Parameter",
            "type": "String",
            "optional": false,
            "field": "Email",
            "description": "<p>Mandatory email of Users.</p>"
          },
          {
            "group": "Parameter",
            "type": "String",
            "optional": false,
            "field": "Password",
            "description": "<p>password of Users.</p>"
          },
          {
            "group": "Parameter",
            "type": "Array",
            "optional": true,
            "field": "Group",
            "defaultValue": "Default",
            "description": "<p>Optional group of Users.</p>"
          },
          {
            "group": "Parameter",
            "type": "File",
            "optional": true,
            "field": "Avatar",
            "defaultValue": "Default.PNG",
            "description": "<p>Optional avatar of Users.</p>"
          },
          {
            "group": "Parameter",
            "type": "Integer",
            "optional": false,
            "field": "Id",
            "description": "<p>Mandatory id of Users.</p>"
          }
        ]
      }
    },
    "success": {
      "fields": {
        "Success 200": [
          {
            "group": "Success 200",
            "type": "Boolean",
            "optional": false,
            "field": "Status",
            "description": "<p>status response api.</p>"
          },
          {
            "group": "Success 200",
            "type": "String",
            "optional": false,
            "field": "Message",
            "description": "<p>message response api.</p>"
          }
        ]
      },
      "examples": [
        {
          "title": "Success-Response:",
          "content": "HTTP/1.1 200 OK",
          "type": "json"
        }
      ]
    },
    "error": {
      "fields": {
        "Error 4xx": [
          {
            "group": "Error 4xx",
            "optional": false,
            "field": "ValidationError",
            "description": "<p>Error validation.</p>"
          }
        ]
      },
      "examples": [
        {
          "title": "Error-Response:",
          "content": "HTTP/1.1 403 Not Acceptable",
          "type": "json"
        }
      ]
    },
    "filename": "application/controllers/api/User.php",
    "groupTitle": "User"
  }